Workbook

Sheet First
A1: Table 1
A2: country | B2: total | C2: failures | D2: percent_failed | E2: house | F2: road | G2: house_number | H2: unit | I2: city | J2: state | K2: postcode | L2: country | M2: level | N2: staircase | O2: entrance | P2: po_box | Q2: suburb | R2: city_district | S2: state_district | T2: island | U2: category | V2: near | W2: country_region | X2: world_region
A3: ae | B3: 50 | C3: 10 | D3: 20 | E3: 0 | F3: 10 | G3: 0 | H3: 0 | I3: 0 | J3: 0 | K3: 0 | L3: 0 | M3: 0 | N3: 0 | O3: 0 | P3: 0 | Q3: 0 | R3: 0 | S3: 0 | T3: 0 | U3: 0 | V3: 0 | W3: 0 | X3: 0
A4: am | B4: 50 | C4: 2 | D4: 4 | E4: 0 | F4: 1 | G4: 2 | H4: 0 | I4: 0 | J4: 0 | K4: 0 | L4: 0 | M4: 0 | N4: 0 | O4: 0 | P4: 0 | Q4: 0 | R4: 0 | S4: 0 | T4: 0 | U4: 0 | V4: 0 | W4: 0 | X4: 0
A5: ar | B5: 75 | C5: 12 | D5: 16 | E5: 0 | F5: 7 | G5: 6 | H5: 0 | I5: 1 | J5: 1 | K5: 0 | L5: 0 | M5: 0 | N5: 0 | O5: 0 | P5: 0 | Q5: 0 | R5: 1 | S5: 0 | T5: 0 | U5: 0 | V5: 0 | W5: 0 | X5: 0
A6: at | B6: 227 | C6: 12 | D6: 5.29 | E6: 1 | F6: 6 | G6: 8 | H6: 0 | I6: 1 | J6: 0 | K6: 0 | L6: 0 | M6: 0 | N6: 0 | O6: 0 | P6: 0 | Q6: 1 | R6: 0 | S6: 1 | T6: 0 | U6: 0 | V6: 0 | W6: 0 | X6: 0
A7: au | B7: 76 | C7: 0 | D7: 0 | E7: 0 | F7: 6 | G7: 0 | H7: 0 | I7: 0 | J7: 0 | K7: 0 | L7: 0 | M7: 0 | N7: 0 | O7: 0 | P7: 0 | Q7: 0 | R7: 0 | S7: 0 | T7: 0 | U7: 0 | V7: 0 | W7: 0 | X7: 0
A8: az | B8: 50 | C8: 7 | D8: 14 | E8: 0 | F8: 3 | G8: 5 | H8: 0 | I8: 0 | J8: 0 | K8: 0 | L8: 0 | M8: 0 | N8: 0 | O8: 0 | P8: 0 | Q8: 0 | R8: 0 | S8: 0 | T8: 0 | U8: 0 | V8: 0 | W8: 0 | X8: 0
A9: ba | B9: 50 | C9: 8 | D9: 16 | E9: 1 | F9: 5 | G9: 4 | H9: 0 | I9: 0 | J9: 1 | K9: 0 | L9: 0 | M9: 0 | N9: 0 | O9: 0 | P9: 0 | Q9: 0 | R9: 0 | S9: 0 | T9: 0 | U9: 0 | V9: 0 | W9: 0 | X9: 0
A10: bd | B10: 50 | C10: 31 | D10: 62 | E10: 4 | F10: 17 | G10: 17 | H10: 0 | I10: 0 | J10: 0 | K10: 0 | L10: 0 | M10: 0 | N10: 0 | O10: 0 | P10: 0 | Q10: 6 | R10: 0 | S10: 0 | T10: 0 | U10: 0 | V10: 0 | W10: 0 | X10: 0
A11: be | B11: 121 | C11: 20 | D11: 16.53 | E11: 0 | F11: 12 | G11: 3 | H11: 0 | I11: 4 | J11: 0 | K11: 0 | L11: 0 | M11: 0 | N11: 0 | O11: 0 | P11: 0 | Q11: 1 | R11: 0 | S11: 1 | T11: 0 | U11: 0 | V11: 0 | W11: 0 | X11: 0
A12: bg | B12: 50 | C12: 2 | D12: 4 | E12: 0 | F12: 12 | G12: 12 | H12: 0 | I12: 0 | J12: 0 | K12: 0 | L12: 0 | M12: 0 | N12: 0 | O12: 0 | P12: 0 | Q12: 0 | R12: 0 | S12: 0 | T12: 0 | U12: 0 | V12: 0 | W12: 0 | X12: 0
A13: br | B13: 51 | C13: 3 | D13: 5.88 | E13: 0 | F13: 0 | G13: 2 | H13: 0 | I13: 0 | J13: 0 | K13: 0 | L13: 0 | M13: 0 | N13: 0 | O13: 0 | P13: 0 | Q13: 0 | R13: 1 | S13: 0 | T13: 0 | U13: 0 | V13: 0 | W13: 0 | X13: 0
A14: by | B14: 50 | C14: 22 | D14: 44 | E14: 4 | F14: 12 | G14: 4 | H14: 0 | I14: 0 | J14: 0 | K14: 0 | L14: 0 | M14: 0 | N14: 0 | O14: 0 | P14: 0 | Q14: 0 | R14: 0 | S14: 0 | T14: 0 | U14: 0 | V14: 0 | W14: 0 | X14: 0
... A90: total | B90: 12981 | C90: 1398 | D90: 10.77 | E90: 112 | F90: 664 | G90: 580 | H90: 148 | I90: 226 | J90: 88 | K90: 6 | L90: 20 | M90: 4 | N90: 0 | O90: 0 | P90: 0 | Q90: 52 | R90: 48 | S90: 195 | T90: 0 | U90: 0 | V90: 0 | W90: 0 | X90: 0

Sheet Second
A1: Table 1
A2: % point change from Original | B2: country | C2: total | D2: failures | E2: percent_failed | F2: house | G2: road | H2: house_number | I2: unit | J2: city | K2: state | L2: postcode | M2: country | N2: level | O2: staircase | P2: entrance | Q2: po_box | R2: suburb | S2: city_district | T2: state_district | U2: island | V2: category | W2: near | X2: country_region | Y2: world_region
A3: =First!D3-Second!E3 -> -6 | B3: ae | C3: 50 | D3: 13 | E3: 26 | F3: 0 | G3: 6 | H3: 1 | I3: 0 | J3: 0 | K3: 0 | L3: 0 | M3: 0 | N3: 0 | O3: 0 | P3: 0 | Q3: 0 | R3: 0 | S3: 0 | T3: 0 | U3: 0 | V3: 0 | W3: 0 | X3: 0 | Y3: 0
A4: =First!D4-Second!E4 -> 0 | B4: am | C4: 50 | D4: 2 | E4: 4 | F4: 0 | G4: 3 | H4: 2 | I4: 0 | J4: 0 | K4: 0 | L4: 0 | M4: 0 | N4: 0 | O4: 0 | P4: 0 | Q4: 0 | R4: 1 | S4: 0 | T4: 0 | U4: 0 | V4: 0 | W4: 0 | X4: 0 | Y4: 0
A5: =First!D5-Second!E5 -> 1.33 | B5: ar | C5: 75 | D5: 11 | E5: 14.67 | F5: 4 | G5: 2 | H5: 6 | I5: 0 | J5: 1 | K5: 0 | L5: 0 | M5: 0 | N5: 0 | O5: 0 | P5: 0 | Q5: 0 | R5: 0 | S5: 0 | T5: 0 | U5: 0 | V5: 0 | W5: 0 | X5: 0 | Y5: 0
A6: =First!D6-Second!E6 -> -0.44 | B6: at | C6: 227 | D6: 13 | E6: 5.73 | F6: 59 | G6: 16 | H6: 2 | I6: 0 | J6: 1 | K6: 0 | L6: 0 | M6: 0 | N6: 0 | O6: 0 | P6: 0 | Q6: 0 | R6: 1 | S6: 0 | T6: 0 | U6: 0 | V6: 0 | W6: 0 | X6: 0 | Y6: 0
A7: =First!D7-Second!E7 -> -1.32 | B7: au | C7: 76 | D7: 1 | E7: 1.32 | F7: 0 | G7: 0 | H7: 0 | I7: 0 | J7: 0 | K7: 0 | L7: 0 | M7: 0 | N7: 0 | O7: 0 | P7: 0 | Q7: 0 | R7: 0 | S7: 0 | T7: 0 | U7: 0 | V7: 0 | W7: 0 | X7: 0 | Y7: 0
A8: =First!D8-Second!E8 -> -10 | B8: az | C8: 50 | D8: 12 | E8: 24 | F8: 1 | G8: 1 | H8: 5 | I8: 0 | J8: 0 | K8: 0 | L8: 0 | M8: 0 | N8: 0 | O8: 0 | P8: 0 | Q8: 0 | R8: 0 | S8: 0 | T8: 0 | U8: 0 | V8: 0 | W8: 0 | X8: 0 | Y8: 0
A9: =First!D9-Second!E9 -> 0 | B9: ba | C9: 50 | D9: 8 | E9: 16 | F9: 5 | G9: 4 | H9: 0 | I9: 0 | J9: 0 | K9: 1 | L9: 0 | M9: 0 | N9: 0 | O9: 0 | P9: 0 | Q9: 0 | R9: 0 | S9: 0 | T9: 0 | U9: 0 | V9: 0 | W9: 0 | X9: 0 | Y9: 0
A10: =First!D10-Second!E10 -> -4 | B10: bd | C10: 50 | D10: 33 | E10: 66 | F10: 5 | G10: 17 | H10: 18 | I10: 0 | J10: 0 | K10: 0 | L10: 0 | M10: 0 | N10: 0 | O10: 0 | P10: 0 | Q10: 0 | R10: 6 | S10: 0 | T10: 0 | U10: 0 | V10: 0 | W10: 0 | X10: 0 | Y10: 0
A11: =First!D11-Second!E11 -> 0 | B11: be | C11: 121 | D11: 20 | E11: 16.53 | F11: 2 | G11: 14 | H11: 1 | I11: 0 | J11: 3 | K11: 0 | L11: 0 | M11: 0 | N11: 0 | O11: 0 | P11: 0 | Q11: 0 | R11: 1 | S11: 0 | T11: 2 | U11: 0 | V11: 0 | W11: 0 | X11: 0 | Y11: 0
A12: =First!D12-Second!E12 -> -4 | B12: bg | C12: 50 | D12: 4 | E12: 8 | F12: 3 | G12: 22 | H12: 2 | I12: 0 | J12: 0 | K12: 0 | L12: 0 | M12: 0 | N12: 0 | O12: 0 | P12: 0 | Q12: 0 | R12: 0 | S12: 0 | T12: 0 | U12: 0 | V12: 0 | W12: 0 | X12: 0 | Y12: 0
A13: =First!D13-Second!E13 -> -1.96 | B13: br | C13: 51 | D13: 4 | E13: 7.84 | F13: 0 | G13: 0 | H13: 2 | I13: 0 | J13: 0 | K13: 0 | L13: 0 | M13: 0 | N13: 0 | O13: 0 | P13: 0 | Q13: 0 | R13: 0 | S13: 1 | T13: 0 | U13: 0 | V13: 0 | W13: 0 | X13: 0 | Y13: 0
A14: =First!D14-Second!E14 -> 20 | B14: by | C14: 50 | D14: 12 | E14: 24 | F14: 7 | G14: 9 | H14: 5 | I14: 0 | J14: 0 | K14: 0 | L14: 0 | M14: 0 | N14: 0 | O14: 0 | P14: 0 | Q14: 0 | R14: 0 | S14: 0 | T14: 0 | U14: 0 | V14: 0 | W14: 0 | X14: 0 | Y14: 0
... A90: =First!D90-Second!E90 -> 0.68 | B90: total | C90: 12981 | D90: 1309 | E90: 10.09 | F90: 611 | G90: 789 | H90: 396 | I90: 153 | J90: 276 | K90: 66 | L90: 12 | M90: 20 | N90: 1 | O90: 0 | P90: 0 | Q90: 1 | R90: 47 | S90: 18 | T90: 192 | U90: 0 | V90: 0 | W90: 0 | X90: 0 | Y90: 0
